id,Full Name,Email Address,Telephone,Company Name,Job Title,Age,City,Country,Salary,Date
1,Alice Johnson,alice.johnson@email.com,+1-555-0101,Acme Corp,Software Engineer,29,New York,USA,95000,2024-01-15
2,Bob  Smith,bob.smith@email.com,+1-555-0102,TechGlobal,Data Analyst,34,San Francisco,USA,88000,2024-01-16
3,Carol White,carol.white@email.com,+44-20-5555-0103,InnovateLtd,Product Manager,31,London,UK,72000,2024-01-17
4,David Brown,david.brown@email.com,+91-98765-43210,DataDriven Inc,ML Engineer,27,Bangalore,India,65000,2024-01-18
5,Eva  Martinez,eva.martinez@email.com,+34-91-555-0105,CloudSystems,DevOps Lead,38,Madrid,Spain,78000,2024-01-19
6,Frank Lee,frank.lee@email.com,+1-555-0106,Analytics Pro,Data Scientist,33,Chicago,USA,102000,2024-01-20
7,Grace Kim,grace.kim@email.com,+82-2-555-0107,NextGen Tech,UX Designer,26,Seoul,South Korea,55000,2024-01-21
8,Henry Wilson,henry.wilson@email.com,+1-555-0108,Acme Corp,Backend Developer,30,Austin,USA,91000,2024-01-22
9,Iris Chen,iris.chen@email.com,+86-10-5555-0109,DataDriven Inc,Business Analyst,35,Shanghai,China,70000,2024-01-23
10,Jack Taylor,jack.taylor@email.com,+1-555-0110,CloudSystems,CTO,45,Seattle,USA,145000,2024-01-24
1,Alice Johnson,alice.johnson@email.com,+1-555-0101,Acme Corp,Software Engineer,29,New York,USA,95000,2024-01-15
