content_age,content_tables,content_text,content_total_pages,error,failed,id,metadata_author,metadata_date,metadata_extracted_at,metadata_file_name,metadata_page,metadata_source_type,metadata_title,metadata_total_pages,metadata_url,raw,source
1,"tcs nqt all india batch 2026 | | | | | | | | admit card: tcs nqt all india batch 2026 | | | | registration number | dt20267897169 | | | candidate name | om mallesh dolli | | | date of birth | 01-03-2005 | | | paste your photograph here exam venue | ion digital zone idz akshay colony institute of business management and research, no. 567, akshay colony, vidyanagar, hubballi(hubli), karnataka, india - 580021 | | | **clear photo is mandatory to appear for the exam date of test | reporting time | gate closure time | test timing | candidate’s signature (to be signed in the presence of the invigilator at the time of examination) 21/mar/2026 | 12:30 pm | 01:30 pm | 2:00 pm - 5:10 pm | barcode | | | roll no: tag263131346 |","tcs nqt all india batch 2026 admit card: tcs nqt all india batch 2026 registration number dt20267897169 candidate name om mallesh dolli date of birth 01-03-2005 paste your photograph here **clear photo is mandatory exam venue ion digital zone idz akshay colony to appear for the exam institute of business management and research, no. 567, akshay colony, vidyanagar, hubballi(hubli), karnataka, india - 580021 date of test reporting time gate closure time test timing 21/mar/2026 12:30 pm 01:30 pm 2:00 pm - 5:10 pm candidate’s signature (to be signed in the presence of the invigilator at the time of examination) barcode roll no: tag263131346 instructions – to be strictly followed: 1) please ensure you carry the following documents with you to the test center, on the day of exam: a) printed copy of admit card (pls note- a copy of the physical/hard copy of your admit card is mandatory for admission into the examination venue). you must carry one photo and paste the same on the hall ticket at the exam venue) b) original government issued photo identity proof for verification, such as aadhaar card / driving license / passport / voter id / pan card only. id card with incomplete dob details will not be considered valid. (note: the id card must have the complete dob details, including date, month, and year.) 2) report to the test centre well before the gate closure time, otherwise entry will not be permitted. 3) prohibited items: do not wear any jewellery or other items containing metal. bags, mobile phones or any other electronic gadgets such as smart watches, digital key, calculators and other electronic devices are strictly prohibited in the examination hall. there is no facility for safekeeping of your personal belongings outside the test hall and we are not responsible for its loss. only admit card, original photo id card & photo will be allowed inside the test hall. 4) unfair means: adoption of any unfair means in the examination hall will result in disqualification from the test and your scores will not be published. you will also not be able to participate in any subsequent selection process or tests. 5) request for change of test centre will not be entertained. 6) friends and relatives accompanying the candidate will not be allowed inside the test centre. you will not be permitted to appear for the exam if you fail to carry the admit card, photo and/ or any one of the mandatory government issued photo identity card. declaration: i hereby certify that i meet the eligibility criteria to take the test and the information furnished by me in the registration/application form is factually correct and subject to verification by tcs. later at any point in time during the selection process if any information is found to be incorrect, my scores obtained in the test can be withheld / or invalidated. signature of candidate",1,,False,09446c4c-fabf-4a0c-a89c-ad19b6228aa1,PA,D:20260227130616+05'30',2026-03-28T08:00:25.839956+00:00,Admit Card.pdf,1,pdf,TCS.cdr,1,,"TCS NQT All India Batch 2026
Admit Card: TCS NQT All India Batch 2026
Registration Number DT20267897169
Candidate Name Om Mallesh Dolli
Date of Birth 01-03-2005
Paste your photograph here
**Clear photo is mandatory
Exam Venue iON Digital Zone iDZ Akshay Colony to appear for the exam
Institute of Business Management and Research, No. 567, Akshay Colony,
Vidyanagar, Hubballi(Hubli), Karnataka, India - 580021
Date of Test Reporting Time Gate Closure Time Test Timing
21/Mar/2026 12:30 PM 01:30 PM 2:00 PM - 5:10 PM
Candidate’s Signature
(To be signed in the presence of the
invigilator at the time of examination)
BarCode Roll No: TAG263131346
Instructions – To Be Strictly Followed:
1) Please ensure you carry the following documents with you to the Test Center, on the day of exam:
a) Printed copy of Admit Card (Pls note- A copy of the physical/hard copy of your Admit card is mandatory for admission into the examination
venue). You must carry one photo and paste the same on the Hall ticket at the exam venue)
b) Original Government issued Photo Identity proof for verification, such as Aadhaar Card / Driving License / Passport / Voter ID / PAN Card
only. ID card with incomplete DOB details will not be considered valid. (Note: The ID card must have the complete DOB details,
including date, month, and year.)
2) Report to the test centre well before the gate closure time, otherwise entry will NOT be permitted.
3) Prohibited Items: DO NOT wear any jewellery or other items containing metal. Bags, Mobile phones or any other electronic gadgets such as
Smart watches, Digital Key, calculators and other electronic devices are strictly prohibited in the examination hall. There is no facility for
safekeeping of your personal belongings outside the test hall and we are not responsible for its loss. Only Admit Card, original Photo ID Card &
Photo will be allowed inside the test hall.
4) Unfair Means: Adoption of any unfair means in the examination hall will result in disqualification from the test and your scores will not be
published. You will also not be able to participate in any subsequent selection process or tests.
5) Request for change of test centre will NOT be entertained.
6) Friends and relatives accompanying the candidate will NOT be allowed inside the test centre.
You will NOT be permitted to appear for the Exam if you fail to carry the Admit Card, photo and/ or any one of the mandatory
Government issued Photo Identity Card.
Declaration:
I hereby certify that I meet the eligibility criteria to take the test and the information furnished by me in the Registration/Application Form is
factually correct and subject to verification by TCS. Later at any point in time during the selection process if any information is found to be incorrect,
my scores obtained in the test can be withheld / or invalidated.
Signature of Candidate

Tables:
TCS NQT All India Batch 2026 |  |  |  | 
 |  |  |  | 
Admit Card: TCS NQT All India Batch 2026 |  |  |  | 
Registration Number | DT20267897169 |  |  | 
Candidate Name | Om Mallesh Dolli |  |  | 
Date of Birth | 01-03-2005 |  |  | Paste your photograph here
Exam Venue | iON Digital Zone iDZ Akshay Colony
Institute of Business Management and Research, No. 567, Akshay Colony,
Vidyanagar, Hubballi(Hubli), Karnataka, India - 580021 |  |  | **Clear photo is mandatory
to appear for the exam
Date of Test | Reporting Time | Gate Closure Time | Test Timing | Candidate’s Signature
(To be signed in the presence of the
invigilator at the time of examination)
21/Mar/2026 | 12:30 PM | 01:30 PM | 2:00 PM - 5:10 PM | 
BarCode |  |  | Roll No: TAG263131346 | ",pdf
