content_headings,content_job_title,content_paragraphs,content_tables,content_url,error,failed,id,metadata_author,metadata_date,metadata_extracted_at,metadata_file_name,metadata_source_type,metadata_title,metadata_url,raw,source
"[""Discussion Forum"", ""Technology"", ""Wireless Access"", ""Security"", ""HPE Networking Comware"", ""Wired Intelligent Edge"", ""Controllerless Networks"", ""Network Management"", ""Cloud Managed Networks"", ""SD-WAN / SASE"", ""Developer Community"", ""AOS-CX Switch Simulator"", ""HPE Aruba Networking Apps"", ""Location Services"", ""Internet of Things (IoT) and Industrial IoT (IIoT)"", ""News"", ""Juniper"", ""Events"", ""Community"", ""Community Feedback and Support"", ""Networking Jobs"", ""News"", ""Training, Certification & Career"", ""Wireless Water Cooler"", ""Global Forums"", ""Airheads Topluluğu’nun Türkçe Forumuna Hoş Geldiniz!"", ""Deutschsprachiges Forum"", ""Foro en Español"", ""Forum Français"", ""Forum Indonesia"", ""Fórum Portugues"", ""Norsk Forum"", ""Polska Forum"", ""中文讨论区"", ""日本語フォーラム"", ""Industry"", ""Education - Australia / New Zealand"", ""Government and Military"", ""Higher Education"", ""Large Public Venues"", ""News"", ""Primary (K-12) Education"", ""Retail"", ""Partners"", ""Airheads Channel Groep – Nederland"", ""Airheads Channel Group – Australia / New Zealand"", ""Airheads Channel Group - Danmark"", ""Airheads Channel Group - France"", ""Airheads Channel Group - Italy"", ""Airheads Channel Group - South East Asia, Taiwan & Hong Kong"", ""Airheads Channel Group - Taiwan"", ""Airheads Channel Group (German speaking)"", ""Airheads Channel Group (Russian speaking)"", ""Airheads Community"", ""Contact"", ""Company"", ""Support"", ""Partners""]",discussion forum - airheads community,"[""Find and share networking solutions in one of 50+ Airheads Community discussion forums."", ""Access network design for branch, remote, outdoor, and campus locations with HPE Aruba Networking access points and mobility controllers."", ""last person joined 15 hours ago"", ""Are you sure you want to join this community?"", ""Would you like to visit the community  homepage now?"", ""Forum to discuss Enterprise security using HPE Aruba Networking NAC solutions (ClearPass), Introspect, VIA, 360 Security Exchange, Extensions, and Policy Enforcement Firewall (PEF)."", ""last person joined 21 hours ago"", ""Are you sure you want to join this community?"", ""Would you like to visit the community  homepage now?"", ""last person joined 3 days ago"", ""Are you sure you want to join this community?"", ""Would you like to visit the community  homepage now?"", ""Bring performance and reliability to your network with the HPE Aruba Networking Core, Aggregation, and Access layer switches.  Discuss the latest features and functionality of your switching devices, and find ways to improve security across your network to bring together a mobile-first solution"", ""last person joined yesterday"", ""Are you sure you want to join this community?"", ""Would you like to visit the community  homepage now?"", ""Instant Mode - the controllerless Wi-Fi solution that's easy to set up, is loaded with security and smarts, and won't break your budget"", ""last person joined 2 days ago"", ""Are you sure you want to join this community?"", ""Would you like to visit the community  homepage now?"", ""Keep an informative eye on your network with HPE Aruba Networking network management solutions"", ""last person joined 2 days ago"", ""Are you sure you want to join this community?"", ""Would you like to visit the community  homepage now?"", ""Forum to discuss all things related to HPE Aruba Networking Central and UXI Network Management, including deployment of managed networks, configuration, best practices, APIs, Cloud Guest, AIOps, Presence Analytics, and other included Applications"", ""last person joined 9 hours ago"", ""Are you sure you want to join this community?"", ""Would you like to visit the community  homepage now?"", ""Forum to discuss HPE Aruba EdgeConnect SD-WAN and SD-Branch solutions.  This includes SD-WAN Orchestration WAN edge network functions - routing, security, zone-based firewall, segmentation and WAN optimization, micro-branch solutions, best practics, and third-party integrations.  All things SD-WAN!"", ""last person joined 4 days ago"", ""Are you sure you want to join this community?"", ""Would you like to visit the community  homepage now?"", ""last person joined 11 days ago"", ""Are you sure you want to join this community?"", ""Would you like to visit the community  homepage now?"", ""last person joined yesterday"", ""Are you sure you want to join this community?"", ""Would you like to visit the community  homepage now?"", ""The HPE Aruba Networking Apps board is designed to address questions, comments, and feature requests for all HPE Aruba Networking mobile Apps"", ""last person joined 9 days ago"", ""Are you sure you want to join this community?"", ""Would you like to visit the community  homepage now?"", ""Location-based mobile app development and Bluetooth-based asset tracking with Meridian. Gathering analytics and business intelligence from Wi-Fi with Analytics and Location Engine (ALE)."", ""last person joined 7 days ago"", ""Are you sure you want to join this community?"", ""Would you like to visit the community  homepage now?"", ""Forum to discuss the HPE Aruba Networking Edge Service Platform and all associated products and solutions for any type of IoT or IIoT application.  Included are IoT technology partners (eg. EnOcean, Microsoft, and Zebra) and IIOT technology partners (eg. ABB and Siemens)"", ""last person joined 7 days ago"", ""Are you sure you want to join this community?"", ""Would you like to visit the community  homepage now?"", ""last person joined 2 days ago"", ""Are you sure you want to join this community?"", ""Would you like to visit the community  homepage now?"", ""Welcome Community for Juniper customers and partners."", ""last person joined 9 days ago"", ""Are you sure you want to join this community?"", ""Would you like to visit the community  homepage now?"", ""How is the community doing? Do you have any questions or feedback related for the Airheads Community team? This is the place to let us know."", ""last person joined 25 days ago"", ""Are you sure you want to join this community?"", ""Would you like to visit the community  homepage now?"", ""Are you seeking a Networking Engineering job? Do you have a Networking Engineering job opening? If so, use this section to post your resume or to post your job openings."", ""last person joined one month ago"", ""Are you sure you want to join this community?"", ""Would you like to visit the community  homepage now?"", ""last person joined 2 days ago"", ""Are you sure you want to join this community?"", ""Would you like to visit the community  homepage now?"", ""Get more information about the HPE Aruba Networking technical training and certification programs.  Network with your colleagues to improve your career, and post job availability for network engineers within your organization."", ""last person joined yesterday"", ""Are you sure you want to join this community?"", ""Would you like to visit the community  homepage now?"", ""Hang out and socialize with other community members in this off topic forum. Everything from industry trends to hobbies and interests are welcomed!"", ""last person joined 17 days ago"", ""Are you sure you want to join this community?"", ""Would you like to visit the community  homepage now?"", ""last person joined 4 months ago"", ""Are you sure you want to join this community?"", ""Would you like to visit the community  homepage now?"", ""Willkommen im deutschsprachigen Airheads Community Forum"", ""last person joined 19 hours ago"", ""Are you sure you want to join this community?"", ""Would you like to visit the community  homepage now?"", ""Productos de HPE Aruba Networking, Control de Acceso, Comunidad Airheads."", ""last person joined 16 days ago"", ""Are you sure you want to join this community?"", ""Would you like to visit the community  homepage now?"", ""Bienvenue sur le forum communautaire français d'Airheads."", ""last person joined one month ago"", ""Are you sure you want to join this community?"", ""Would you like to visit the community  homepage now?"", ""Selamat Datang di Group Airheads Indonesia. Silakan menggunakan Forum ini untuk berinteraksi, bertukar pikiran dan ide dengan sesama pengguna. Selamat Menggunakan Fasilitas Ini."", ""last person joined 7 months ago"", ""Are you sure you want to join this community?"", ""Would you like to visit the community  homepage now?"", ""Bem-vindo ao Fórum Português para a Comunidade de Airheads."", ""last person joined 29 days ago"", ""Are you sure you want to join this community?"", ""Would you like to visit the community  homepage now?"", ""Velkommen til Norsk forum for Airheads Community."", ""last person joined 5 months ago"", ""Are you sure you want to join this community?"", ""Would you like to visit the community  homepage now?"", ""Grupa zrzeszająca ekspertów rozwiązań, dająca możliwość kontaktu i szukania rozwiązań u najlepszych specjalistów rozwiązań HPE Aruba networking w Polsce."", ""last person joined one month ago"", ""Are you sure you want to join this community?"", ""Would you like to visit the community  homepage now?"", ""欢迎访问Airheads中文论坛。"", ""last person joined 28 days ago"", ""Are you sure you want to join this community?"", ""Would you like to visit the community  homepage now?"", ""HPE Aruba Networking のソリューション、ネットワークマーケットに関する日本語ディスカッションフォーラム"", ""last person joined 9 days ago"", ""Are you sure you want to join this community?"", ""Would you like to visit the community  homepage now?"", ""A local community of education customers across Australia / NZ.  This group will be moderated by HPE Aruba Networking staff and kept up to date with any upcoming training or events that are relevant to the EDU space."", ""last person joined 2 months ago"", ""Are you sure you want to join this community?"", ""Would you like to visit the community  homepage now?"", ""Deploying HPE Aruba Networking wireless LAN environments requiring a high level of security."", ""last person joined one month ago"", ""Are you sure you want to join this community?"", ""Would you like to visit the community  homepage now?"", ""Got questions on how to enable mobility in education? Submit them here!"", ""last person joined one month ago"", ""Are you sure you want to join this community?"", ""Would you like to visit the community  homepage now?"", ""Got questions on how to implement networking solutions in order to create a crowd-pleasing public venue that captivates your guests? Join our Airheads to learn how the right solution setup to keep guests engaged during their visit."", ""last person joined one month ago"", ""Are you sure you want to join this community?"", ""Would you like to visit the community  homepage now?"", ""last person joined 2 days ago"", ""Are you sure you want to join this community?"", ""Would you like to visit the community  homepage now?"", ""Got networking questions for schools or want to know more about E-rate? Submit them here!"", ""last person joined one month ago"", ""Are you sure you want to join this community?"", ""Would you like to visit the community  homepage now?"", ""Location-aware mobile apps help customers quickly find the merchandise they're looking for ? and discover new products and services along. Join our Airheads to tackle retail mobile, WLAN and security questions!"", ""last person joined one month ago"", ""Are you sure you want to join this community?"", ""Would you like to visit the community  homepage now?"", ""Nederlandse groep voor het delen van informatie met de partner (post- en pre-sales) system engineers."", ""last person joined one year ago"", ""Are you sure you want to join this community?"", ""Would you like to visit the community  homepage now?"", ""For our HPE Aruba Networking technical partner community based in Australia / New Zealand. This channel group is for our local community of engineers and pre-sales to keep up to date with the latest updates, technical enablement and events happening across the country. All requests to join will be reviewed by our local Systems Engineering team and we will get back to you shortly."", ""last person joined 7 months ago"", ""Are you sure you want to join this community?"", ""Would you like to visit the community  homepage now?"", ""last person joined 5 months ago"", ""Are you sure you want to join this community?"", ""Would you like to visit the community  homepage now?"", ""Forum d’échange avec les partenaires francophones sur les solutions HPE Aruba Networking."", ""last person joined 2 months ago"", ""Gruppo Airheads locale con contenuti in Italiano sulle ultime novità HPE Aruba Networking."", ""last person joined 4 years ago"", ""Are you sure you want to join this community?"", ""Would you like to visit the community  homepage now?"", ""Official APU platform for invited partners in South East Asia and Taiwan. *Strictly by invitation only*"", ""last person joined 2 years ago"", ""Private Discussions group for Partners representing HPE Aruba Networking solutions in Taiwan."", ""last person joined 4 months ago"", ""Are you sure you want to join this community?"", ""Would you like to visit the community  homepage now?"", ""Deutschsprachige Gruppe rund um Informationen und den Austausch zu den Produkten und Lösungen von HPE Aruba Networking für Systems Engineers & Presales von Partnern."", ""last person joined one month ago"", ""Are you sure you want to join this community?"", ""Would you like to visit the community  homepage now?"", ""last person joined one year ago"", ""Are you sure you want to join this community?"", ""Would you like to visit the community  homepage now?"", ""WW Corporate Headquarters - Spring, TX - United States1701 E Mossy Oaks RdSpring, TX 77389"", ""Disclaimer"", ""The resource assets in this website may include abbreviated and/or legacy terminology for HPE Aruba Networking products. Seewww.hpe.comfor current and complete HPE Aruba Networking product lines and names."", ""About Us"", ""Careers"", ""Contact Us"", ""Environmental Citizenship"", ""Privacy policy"", ""Terms of service"", ""Legal"", ""Support Services"", ""Contact Support"", ""Training & Certification"", ""Software Downloads"", ""Licensing Login"", ""Find a Partner"", ""Become a Partner"", ""Partner Ready for Networking"", ""Technology Partner Programs""]",[],"[""https://airheads.hpe.com/home"", ""https://airheads.hpe.com/home"", ""https://airheads.hpe.com/community-home?CommunityKey=867d34a4-1e6a-4b9a-9349-df7b4c84b3cb"", ""https://airheads.hpe.com/community-home?CommunityKey=2477474f-de43-4598-a465-c179d41fdd0b"", ""https://airheads.hpe.com/community-home?CommunityKey=5fb36fb5-6540-46a8-9861-7b014eb0d633"", ""https://airheads.hpe.com/community-home?CommunityKey=22dc38ea-a1e1-4059-b55e-a622fedecf32"", ""https://airheads.hpe.com/community-home?CommunityKey=ff734391-dcd7-4802-93c6-e0913abba875"", ""https://airheads.hpe.com/community-home?CommunityKey=0e07426b-9490-40f0-bb66-f95a4b8a674f"", ""https://airheads.hpe.com/community-home?CommunityKey=e1202040-11b3-4eea-9f57-d903f67db2f9"", ""https://airheads.hpe.com/community-home?CommunityKey=c1599268-c4c8-47c8-966a-a4e3c339884a"", ""https://airheads.hpe.com/community-home?CommunityKey=ea467413-8db4-4c49-b5f8-1a12f193e959"", ""https://airheads.hpe.com/community-home?CommunityKey=aa40c287-728e-4827-b062-5eff4ed6410b"", ""https://airheads.hpe.com/community-home?CommunityKey=a090a7e6-084a-4f6e-ba09-3b524f701f4b"", ""https://airheads.hpe.com/community-home?CommunityKey=e0da4030-48d2-4b2b-8f2d-034c69b01f92"", ""https://airheads.hpe.com/community-home?CommunityKey=5d96374c-bbed-4875-a54c-7910721aa007"", ""https://airheads.hpe.com/community-home?CommunityKey=fb62e479-6146-4a3b-b666-7420925de99c"", ""https://airheads.hpe.com/community-home?CommunityKey=35cb9453-64d3-4690-aa3d-019c2edf5121"", ""https://airheads.hpe.com/community-home?CommunityKey=b17d9f0c-12f0-40e2-afd3-b9604376dd1c"", ""https://airheads.hpe.com/community-home?CommunityKey=116fe56b-2c82-45bc-a486-0bb5b8136c95"", ""https://airheads.hpe.com/community-home?CommunityKey=fb62e479-6146-4a3b-b666-7420925de99c"", ""https://airheads.hpe.com/community-home?CommunityKey=58c7da15-9b46-4717-9ed7-086e70f70869"", ""https://airheads.hpe.com/community-home?CommunityKey=ba571a06-8429-4c70-931b-59feaff529d3"", ""https://airheads.hpe.com/community-home?CommunityKey=e730eeef-eae0-485d-9bf8-018ef6362571"", ""https://airheads.hpe.com/community-home?CommunityKey=fce62b9b-00aa-4fa0-8973-e1e4fa6b3e2f"", ""https://airheads.hpe.com/community-home?CommunityKey=7b628254-7222-4aaf-8a26-56ca49e97200"", ""https://airheads.hpe.com/community-home?CommunityKey=af90e7cf-fec6-4143-bfde-9da10995daab"", ""https://airheads.hpe.com/community-home?CommunityKey=3625f965-59c5-4af5-a53d-8b90861a2f8c"", ""https://airheads.hpe.com/community-home?CommunityKey=500e5916-27cf-4807-9e93-c08d71f03c82"", ""https://airheads.hpe.com/community-home?CommunityKey=a9192b6b-3cef-4d67-820a-4b958dfd6d28"", ""https://airheads.hpe.com/community-home?CommunityKey=45138dcc-9ee8-4db1-987e-fbca32ee893d"", ""https://airheads.hpe.com/community-home?CommunityKey=7a48e961-3982-45b9-ad16-5999e3ea9e97"", ""https://airheads.hpe.com/community-home?CommunityKey=2aebb618-b76c-4ff1-a097-4f434ee9ee7d"", ""https://airheads.hpe.com/community-home?CommunityKey=2f0257c7-1b73-4bd7-9530-7231d676cce0"", ""https://airheads.hpe.com/community-home?CommunityKey=de71f017-d028-49fe-b4a5-6cb6db8e08e6"", ""https://airheads.hpe.com/community-home?CommunityKey=66dfd333-4796-4760-9cec-eb8756e8b2dd"", ""https://airheads.hpe.com/community-home?CommunityKey=d774bc77-9bcb-4b3c-afe4-b9e47f4a0296"", ""https://airheads.hpe.com/community-home?CommunityKey=fb62e479-6146-4a3b-b666-7420925de99c"", ""https://airheads.hpe.com/community-home?CommunityKey=2d623e83-c9f8-43e8-b5c3-75f6ce48c187"", ""https://airheads.hpe.com/community-home?CommunityKey=7de735ce-c879-42e9-a0a5-85f3b49182df"", ""https://airheads.hpe.com/community-home?CommunityKey=1842d655-3c0a-434e-ab15-d2abd7a3ccbf"", ""https://airheads.hpe.com/community-home?CommunityKey=72a245c7-aedf-40fe-8b70-018c1b154493"", ""https://airheads.hpe.com/community-home?CommunityKey=ba15703a-7df9-4ea3-9245-01999f05d72e"", ""https://airheads.hpe.com/community-home?CommunityKey=a3d8707e-1f72-4e09-806e-f284a1ec646e"", ""https://airheads.hpe.com/community-home?CommunityKey=0f0bc916-0860-4afc-a856-d49b4327c9dc"", ""https://airheads.hpe.com/community-home?CommunityKey=dabafdc2-3818-4a1e-b2e3-9e1be382382c"", ""https://airheads.hpe.com/community-home?CommunityKey=9a7443a0-ddbc-4d4d-bed8-4fa0e9ae5e3d"", ""https://airheads.hpe.com/community-home?CommunityKey=0ad60363-1447-4ae9-84b7-934f91bb047d"", ""https://airheads.hpe.com/community-home?CommunityKey=6b22c418-2ea4-486c-a039-cfb2a9ccfeff"", ""https://www.hpe.com/us/en/home.html"", ""http://www.hpe.com/""]",,False,b1427383-7c97-41f4-aff8-70fceedf2fc6,,,2026-03-28T07:48:27.658216+00:00,,web,Discussion Forum - Airheads Community,https://airheads.hpe.com/discussion,"Title: Discussion Forum - Airheads Community
Headings: Discussion Forum | Technology | Wireless Access | Security | HPE Networking Comware | Wired Intelligent Edge | Controllerless Networks | Network Management | Cloud Managed Networks | SD-WAN / SASE | Developer Community | AOS-CX Switch Simulator | HPE Aruba Networking Apps | Location Services | Internet of Things (IoT) and Industrial IoT (IIoT) | News | Juniper | Events | Community | Community Feedback and Support | Networking Jobs | News | Training, Certification & Career | Wireless Water Cooler | Global Forums | Airheads Topluluğu’nun Türkçe Forumuna Hoş Geldiniz! | Deutschsprachiges Forum | Foro en Español | Forum Français | Forum Indonesia | Fórum Portugues | Norsk Forum | Polska Forum | 中文讨论区 | 日本語フォーラム | Industry | Education - Australia / New Zealand | Government and Military | Higher Education | Large Public Venues | News | Primary (K-12) Education | Retail | Partners | Airheads Channel Groep – Nederland | Airheads Channel Group – Australia / New Zealand | Airheads Channel Group - Danmark | Airheads Channel Group - France | Airheads Channel Group - Italy | Airheads Channel Group - South East Asia, Taiwan & Hong Kong | Airheads Channel Group - Taiwan | Airheads Channel Group (German speaking) | Airheads Channel Group (Russian speaking) | Airheads Community | Contact | Company | Support | Partners
Find and share networking solutions in one of 50+ Airheads Community discussion forums.
Access network design for branch, remote, outdoor, and campus locations with HPE Aruba Networking access points and mobility controllers.
last person joined 15 hours ago
Are you sure you want to join this community?
Would you like to visit the community  homepage now?
Forum to discuss Enterprise security using HPE Aruba Networking NAC solutions (ClearPass), Introspect, VIA, 360 Security Exchange, Extensions, and Policy Enforcement Firewall (PEF).
last person joined 21 hours ago
Are you sure you want to join this community?
Would you like to visit the community  homepage now?
last person joined 3 days ago
Are you sure you want to join this community?
Would you like to visit the community  homepage now?
Bring performance and reliability to your network with the HPE Aruba Networking Core, Aggregation, and Access layer switches.  Discuss the latest features and functionality of your switching devices, and find ways to improve security across your network to bring together a mobile-first solution
last person joined yesterday
Are you sure you want to join this community?
Would you like to visit the community  homepage now?
Instant Mode - the controllerless Wi-Fi solution that's easy to set up, is loaded with security and smarts, and won't break your budget
last person joined 2 days ago
Are you sure you want to join this community?
Would you like to visit the community  homepage now?
Keep an informative eye on your network with HPE Aruba Networking network management solutions
last person joined 2 days ago
Are you sure you want to join this community?
Would you like to visit the community  homepage now?
Forum to discuss all things related to HPE Aruba Networking Central and UXI Network Management, including deployment of managed networks, configuration, best practices, APIs, Cloud Guest, AIOps, Presence Analytics, and other included Applications
last person joined 9 hours ago
Are you sure you want to join this community?
Would you like to visit the community  homepage now?
Forum to discuss HPE Aruba EdgeConnect SD-WAN and SD-Branch solutions.  This includes SD-WAN Orchestration WAN edge network functions - routing, security, zone-based firewall, segmentation and WAN optimization, micro-branch solutions, best practics, and third-party integrations.  All things SD-WAN!
last person joined 4 days ago
Are you sure you want to join this community?
Would you like to visit the community  homepage now?
last person joined 11 days ago
Are you sure you want to join this community?
Would you like to visit the community  homepage now?
last person joined yesterday
Are you sure you want to join this community?
Would you like to visit the community  homepage now?
The HPE Aruba Networking Apps board is designed to address questions, comments, and feature requests for all HPE Aruba Networking mobile Apps
last person joined 9 days ago
Are you sure you want to join this community?
Would you like to visit the community  homepage now?
Location-based mobile app development and Bluetooth-based asset tracking with Meridian. Gathering analytics and business intelligence from Wi-Fi with Analytics and Location Engine (ALE).
last person joined 7 days ago
Are you sure you want to join this community?
Would you like to visit the community  homepage now?
Forum to discuss the HPE Aruba Networking Edge Service Platform and all associated products and solutions for any type of IoT or IIoT application.  Included are IoT technology partners (eg. EnOcean, Microsoft, and Zebra) and IIOT technology partners (eg. ABB and Siemens)
last person joined 7 days ago
Are you sure you want to join this community?
Would you like to visit the community  homepage now?
last person joined 2 days ago
Are you sure you want to join this community?
Would you like to visit the community  homepage now?
Welcome Community for Juniper customers and partners.
last person joined 9 days ago
Are you sure you want to join this community?
Would you like to visit the community  homepage now?
How is the community doing? Do you have any questions or feedback related for the Airheads Community team? This is the place to let us know.
last person joined 25 days ago
Are you sure you want to join this community?
Would you like to visit the community  homepage now?
Are you seeking a Networking Engineering job? Do you have a Networking Engineering job opening? If so, use this section to post your resume or to post your job openings.
last person joined one month ago
Are you sure you want to join this community?
Would you like to visit the community  homepage now?
last person joined 2 days ago
Are you sure you want to join this community?
Would you like to visit the community  homepage now?
Get more information about the HPE Aruba Networking technical training and certification programs.  Network with your colleagues to improve your career, and post job availability for network engineers within your organization.
last person joined yesterday
Are you sure you want to join this community?
Would you like to visit the community  homepage now?
Hang out and socialize with other community members in this off topic forum. Everything from industry trends to hobbies and interests are welcomed!
last person joined 17 days ago
Are you sure you want to join this community?
Would you like to visit the community  homepage now?
last person joined 4 months ago
Are you sure you want to join this community?
Would you like to visit the community  homepage now?
Willkommen im deutschsprachigen Airheads Community Forum
last person joined 19 hours ago
Are you sure you want to join this community?
Would you like to visit the community  homepage now?
Productos de HPE Aruba Networking, Control de Acceso, Comunidad Airheads.
last person joined 16 days ago
Are you sure you want to join this community?
Would you like to visit the community  homepage now?
Bienvenue sur le forum communautaire français d'Airheads.
last person joined one month ago
Are you sure you want to join this community?
Would you like to visit the community  homepage now?
Selamat Datang di Group Airheads Indonesia. Silakan menggunakan Forum ini untuk berinteraksi, bertukar pikiran dan ide dengan sesama pengguna. Selamat Menggunakan Fasilitas Ini.
last person joined 7 months ago
Are you sure you want to join this community?
Would you like to visit the community  homepage now?
Bem-vindo ao Fórum Português para a Comunidade de Airheads.
last person joined 29 days ago
Are you sure you want to join this community?
Would you like to visit the community  homepage now?
Velkommen til Norsk forum for Airheads Community.
last person joined 5 months ago
Are you sure you want to join this community?
Would you like to visit the community  homepage now?
Grupa zrzeszająca ekspertów rozwiązań, dająca możliwość kontaktu i szukania rozwiązań u najlepszych specjalistów rozwiązań HPE Aruba networking w Polsce.
last person joined one month ago
Are you sure you want to join this community?
Would you like to visit the community  homepage now?
欢迎访问Airheads中文论坛。
last person joined 28 days ago
Are you sure you want to join this community?
Would you like to visit the community  homepage now?
HPE Aruba Networking のソリューション、ネットワークマーケットに関する日本語ディスカッションフォーラム
last person joined 9 days ago
Are you sure you want to join this community?
Would you like to visit the community  homepage now?
A local community of education customers across Australia / NZ.  This group will be moderated by HPE Aruba Networking staff and kept up to date with any upcoming training or events that are relevant to the EDU space.
last person joined 2 months ago
Are you sure you want to join this community?
Would you like to visit the community  homepage now?
Deploying HPE Aruba Networking wireless LAN environments requiring a high level of security.
last person joined one month ago
Are you sure you want to join this community?
Would you like to visit the community  homepage now?
Got questions on how to enable mobility in education? Submit them here!
last person joined one month ago
Are you sure you want to join this community?
Would you like to visit the community  homepage now?
Got questions on how to implement networking solutions in order to create a crowd-pleasing public venue that captivates your guests? Join our Airheads to learn how the right solution setup to keep guests engaged during their visit.
last person joined one month ago
Are you sure you want to join this community?
Would you like to visit the community  homepage now?
last person joined 2 days ago
Are you sure you want to join this community?
Would you like to visit the community  homepage now?
Got networking questions for schools or want to know more about E-rate? Submit them here!
last person joined one month ago
Are you sure you want to join this community?
Would you like to visit the community  homepage now?
Location-aware mobile apps help customers quickly find the merchandise they're looking for ? and discover new products and services along. Join our Airheads to tackle retail mobile, WLAN and security questions!
last person joined one month ago
Are you sure you want to join this community?
Would you like to visit the community  homepage now?
Nederlandse groep voor het delen van informatie met de partner (post- en pre-sales) system engineers.
last person joined one year ago
Are you sure you want to join this community?
Would you like to visit the community  homepage now?
For our HPE Aruba Networking technical partner community based in Australia / New Zealand. This channel group is for our local community of engineers and pre-sales to keep up to date with the latest updates, technical enablement and events happening across the country. All requests to join will be reviewed by our local Systems Engineering team and we will get back to you shortly.
last person joined 7 months ago
Are you sure you want to join this community?
Would you like to visit the community  homepage now?
last person joined 5 months ago
Are you sure you want to join this community?
Would you like to visit the community  homepage now?
Forum d’échange avec les partenaires francophones sur les solutions HPE Aruba Networking.
last person joined 2 months ago
Gruppo Airheads locale con contenuti in Italiano sulle ultime novità HPE Aruba Networking.
last person joined 4 years ago
Are you sure you want to join this community?
Would you like to visit the community  homepage now?
Official APU platform for invited partners in South East Asia and Taiwan. *Strictly by invitation only*
last person joined 2 years ago
Private Discussions group for Partners representing HPE Aruba Networking solutions in Taiwan.
last person joined 4 months ago
Are you sure you want to join this community?
Would you like to visit the community  homepage now?
Deutschsprachige Gruppe rund um Informationen und den Austausch zu den Produkten und Lösungen von HPE Aruba Networking für Systems Engineers & Presales von Partnern.
last person joined one month ago
Are you sure you want to join this community?
Would you like to visit the community  homepage now?
last person joined one year ago
Are you sure you want to join this community?
Would you like to visit the community  homepage now?
WW Corporate Headquarters - Spring, TX - United States1701 E Mossy Oaks RdSpring, TX 77389
Disclaimer
The resource assets in this website may include abbreviated and/or legacy terminology for HPE Aruba Networking products. Seewww.hpe.comfor current and complete HPE Aruba Networking product lines and names.
About Us
Careers
Contact Us
Environmental Citizenship
Privacy policy
Terms of service
Legal
Support Services
Contact Support
Training & Certification
Software Downloads
Licensing Login
Find a Partner
Become a Partner
Partner Ready for Networking
Technology Partner Programs",web
