content_page,content_tables,content_text,content_total_pages,error,failed,id,metadata_author,metadata_date,metadata_extracted_at,metadata_file_name,metadata_page,metadata_source_type,metadata_title,metadata_total_pages,metadata_url,raw,source
1,,"contact mohammad afzal vijayapura, india 586108 indikar +91 7349582022 afzalindikar140@gmail.com about myself experience as a final year computer science engineering student student intern – airowire networks pvt. ltd. (current) with strong foundation in (cid:127) gaining exposure to industry-level projects and technology programming and applications. problem-solving. passionate about technology and innovation achievements with 8.0+ cgpa. (cid:127) best ui/ux designer – national level hackathon (2025) skills (cid:127) cleared juspay hiring challenge (part-a hackathon) (cid:127) java (2025) (cid:127) python (cid:127) shortlisted for technical interview at barracuda networks (cid:127) sql (2025) (cid:127) html (cid:127) selected as student intern – airowire networks pvt. ltd. (cid:127) css (2025) (cid:127) javascript (cid:127) participated in isro space innovation hackathon (cid:127) os (cid:127) dbms projects (cid:127) cn (cid:127) oops concepts (cid:127) careercraft ai: ai-driven career guidance platform with (cid:127) problem solving skill-gap analysis. (cid:127) team collaboration (cid:127) co-pilot: co-po mapping management system. (cid:127) time management (cid:127) research management system: research workflow & (cid:127) fast learner publication tracking platform. (cid:127) sap abap (cid:127) ayurtech: ml-based health & wellness recommendation system. education bachelor of engineering – computer science and engineering visvesvaraya technological university, belagavi gpa: 8.0 | expected graduation: 01/2026",1,,False,e06d9437-e81d-470e-8257-c8834953a0e7,(anonymous),D:20260304062847+00'00',2026-03-29T14:58:11.524043+00:00,0d27fc81_Mohammad_Afzal_Indikar_Styled_CV.pdf,1,pdf,(anonymous),1,,"CONTACT
MOHAMMAD AFZAL
Vijayapura, India 586108
INDIKAR
+91 7349582022
afzalindikar140@gmail.com
ABOUT MYSELF
EXPERIENCE
As a final year Computer
Science Engineering student
Student Intern – Airowire Networks Pvt. Ltd. (Current)
with strong foundation in
(cid:127) Gaining exposure to industry-level projects and technology
programming and
applications.
problem-solving. Passionate
about technology and innovation
ACHIEVEMENTS
with 8.0+ CGPA.
(cid:127) Best UI/UX Designer – National Level Hackathon (2025)
SKILLS
(cid:127) Cleared Juspay Hiring Challenge (Part-A Hackathon)
(cid:127) Java (2025)
(cid:127) Python (cid:127) Shortlisted for Technical Interview at Barracuda Networks
(cid:127) SQL (2025)
(cid:127) HTML (cid:127) Selected as Student Intern – Airowire Networks Pvt. Ltd.
(cid:127) CSS (2025)
(cid:127) JavaScript (cid:127) Participated in ISRO Space Innovation Hackathon
(cid:127) OS
(cid:127) DBMS PROJECTS
(cid:127) CN
(cid:127) OOPS Concepts (cid:127) CareerCraft AI: AI-driven career guidance platform with
(cid:127) Problem Solving skill-gap analysis.
(cid:127) Team Collaboration (cid:127) Co-Pilot: CO-PO Mapping Management System.
(cid:127) Time Management (cid:127) Research Management System: Research workflow &
(cid:127) Fast Learner publication tracking platform.
(cid:127) SAP ABAP (cid:127) AyurTech: ML-based health & wellness recommendation
system.
EDUCATION
Bachelor of Engineering – Computer Science and
Engineering
Visvesvaraya Technological University, Belagavi
GPA: 8.0 | Expected Graduation: 01/2026",pdf
