content_headings,content_job_title,content_links,content_paragraphs,content_tables,error,failed,id,metadata_author,metadata_date,metadata_extracted_at,metadata_file_name,metadata_source_type,metadata_title,metadata_url,raw,source
"[""Main Page"", ""Welcome toWikipedia"", ""From today's featured article"", ""Did you know ..."", ""In the news"", ""On this day"", ""Today's featured picture"", ""Other areas of Wikipedia"", ""Wikipedia's sister projects"", ""Wikipedia languages""]","wikipedia, the free encyclopedia","[""https://donate.wikimedia.org/?wmf_source=donate&wmf_medium=sidebar&wmf_campaign=en.wikipedia.org&uselang=en"", ""https://donate.wikimedia.org/?wmf_source=donate&wmf_medium=sidebar&wmf_campaign=en.wikipedia.org&uselang=en"", ""https://commons.wikimedia.org/wiki/Main_Page"", ""https://foundation.wikimedia.org/wiki/Home"", ""https://www.mediawiki.org/wiki/MediaWiki"", ""https://meta.wikimedia.org/wiki/Main_Page"", ""https://outreach.wikimedia.org/wiki/Main_Page"", ""https://wikisource.org/wiki/Main_Page"", ""https://species.wikimedia.org/wiki/Main_Page"", ""https://en.wikibooks.org/wiki/Main_Page"", ""https://www.wikidata.org/wiki/Wikidata:Main_Page"", ""https://www.wikifunctions.org/wiki/Wikifunctions:Main_Page"", ""https://wikimania.wikimedia.org/wiki/Wikimania"", ""https://en.wikinews.org/wiki/Main_Page"", ""https://en.wikiquote.org/wiki/Main_Page"", ""https://en.wikisource.org/wiki/Main_Page"", ""https://en.wikiversity.org/wiki/Wikiversity:Main_Page"", ""https://en.wikivoyage.org/wiki/Main_Page"", ""https://en.wiktionary.org/wiki/Wiktionary:Main_Page"", ""https://www.wikidata.org/wiki/Special:EntityPage/Q5296"", ""https://lists.wikimedia.org/postorius/lists/daily-article-l.lists.wikimedia.org/"", ""https://lists.wikimedia.org/postorius/lists/daily-article-l.lists.wikimedia.org/"", ""https://wikimediafoundation.org/our-work/wikimedia-projects/"", ""https://commons.wikimedia.org/wiki/"", ""https://commons.wikimedia.org/wiki/"", ""https://www.mediawiki.org/wiki/"", ""https://www.mediawiki.org/wiki/"", ""https://meta.wikimedia.org/wiki/"", ""https://meta.wikimedia.org/wiki/"", ""https://en.wikibooks.org/wiki/"", ""https://en.wikibooks.org/wiki/"", ""https://www.wikidata.org/wiki/"", ""https://www.wikidata.org/wiki/"", ""https://en.wikinews.org/wiki/"", ""https://en.wikinews.org/wiki/"", ""https://en.wikiquote.org/wiki/"", ""https://en.wikiquote.org/wiki/"", ""https://en.wikisource.org/wiki/"", ""https://en.wikisource.org/wiki/"", ""https://species.wikimedia.org/wiki/"", ""https://species.wikimedia.org/wiki/"", ""https://en.wikiversity.org/wiki/"", ""https://en.wikiversity.org/wiki/"", ""https://en.wikivoyage.org/wiki/"", ""https://en.wikivoyage.org/wiki/"", ""https://en.wiktionary.org/wiki/"", ""https://en.wiktionary.org/wiki/"", ""https://en.wiktionary.org/wiki/"", ""https://meta.wikimedia.org/wiki/List_of_Wikipedias"", ""https://ar.wikipedia.org/wiki/""]","[""The Goldfinchis a painting of a chainedgoldfinchbyCarel Fabritius, aDutch Golden Age artist. Signed and dated 1654, it is now in the collection of theMauritshuisinThe Hague, Netherlands. The work is atrompe-l'œiloil paintingon panelmeasuring 33.5 by 22.8 centimetres (13.2 by 9.0 in) that was once part of a larger structure, perhaps a windowjambor a protective cover. A common and colourful bird with a pleasant song, the goldfinch was used inItalian Renaissance paintingas a symbol ofChristian redemptionand thePassion of Jesus.The Goldfinchis unusual for Dutch Golden Age paintings in the simplicity of its composition and use of illusionary techniques. After Fabritius was killed in thegunpowder explosionthat destroyed much of the city ofDelftin 1654, the painting was lost for more than two centuries before its rediscovery inBrussels. It plays a central role in thePulitzer Prize–winning novelThe GoldfinchbyDonna Tartt, and also inits film adaptation.(Full article...)"", ""March 29:Boganda Dayin the Central African Republic (1959);Martyrs' Dayin Madagascar (1947)"", ""ThePacific golden plover(Pluvialis fulva) is a medium-sized migratoryplover. It breeds in theArctic tundrafrom northernmost Asia into westernAlaskaand winters in south Asia and Australasia."", ""Photograph:JJ Harrison"", ""Wikipedia is written by volunteer editors and hosted by theWikimedia Foundation, a non-profit organization that also hosts a range of other volunteerprojects:"", ""This Wikipedia is written inEnglish. Manyother Wikipedias are available; some of the largest are listed below.""]","["" | ThePacific golden plover(Pluvialis fulva) is a medium-sized migratoryplover. It breeds in theArctic tundrafrom northernmost Asia into westernAlaskaand winters in south Asia and Australasia.Photograph:JJ HarrisonRecently featured:Lagoon NebulaArgentine black and white teguErica JongArchiveMore featured pictures""]",,False,a0464016-789e-42c7-a6c1-605b16253252,,,2026-03-29T16:05:11.233493+00:00,,web,"Wikipedia, the free encyclopedia",https://en.wikipedia.org/wiki/Main_Page,"Title: Wikipedia, the free encyclopedia
Headings: Main Page | Welcome toWikipedia | From today's featured article | Did you know ... | In the news | On this day | Today's featured picture | Other areas of Wikipedia | Wikipedia's sister projects | Wikipedia languages
The Goldfinchis a painting of a chainedgoldfinchbyCarel Fabritius, aDutch Golden Age artist. Signed and dated 1654, it is now in the collection of theMauritshuisinThe Hague, Netherlands. The work is atrompe-l'œiloil paintingon panelmeasuring 33.5 by 22.8 centimetres (13.2 by 9.0 in) that was once part of a larger structure, perhaps a windowjambor a protective cover. A common and colourful bird with a pleasant song, the goldfinch was used inItalian Renaissance paintingas a symbol ofChristian redemptionand thePassion of Jesus.The Goldfinchis unusual for Dutch Golden Age paintings in the simplicity of its composition and use of illusionary techniques. After Fabritius was killed in thegunpowder explosionthat destroyed much of the city ofDelftin 1654, the painting was lost for more than two centuries before its rediscovery inBrussels. It plays a central role in thePulitzer Prize–winning novelThe GoldfinchbyDonna Tartt, and also inits film adaptation.(Full article...)
March 29:Boganda Dayin the Central African Republic (1959);Martyrs' Dayin Madagascar (1947)
ThePacific golden plover(Pluvialis fulva) is a medium-sized migratoryplover. It breeds in theArctic tundrafrom northernmost Asia into westernAlaskaand winters in south Asia and Australasia.
Photograph:JJ Harrison
Wikipedia is written by volunteer editors and hosted by theWikimedia Foundation, a non-profit organization that also hosts a range of other volunteerprojects:
This Wikipedia is written inEnglish. Manyother Wikipedias are available; some of the largest are listed below.
Tables:
 | ThePacific golden plover(Pluvialis fulva) is a medium-sized migratoryplover. It breeds in theArctic tundrafrom northernmost Asia into westernAlaskaand winters in south Asia and Australasia.Photograph:JJ HarrisonRecently featured:Lagoon NebulaArgentine black and white teguErica JongArchiveMore featured pictures",web
