content_tables,content_text,content_total_pages,error,failed,id,metadata_author,metadata_date,metadata_extracted_at,metadata_file_name,metadata_source_type,metadata_title,metadata_total_pages,metadata_url,raw,source
,"mohammadafzalindikar contactnumber:+917349582022 email:afzalindikar140@gmail.com aboutmyself asafinalyearcomputerscienceengineeringstudentwithastrongfoundationinprogramming,softwaredevelopment,and problem-solving.passionateabouttechnology,ihaveexperienceinwebdevelopment,andcompetitiveprogramming.witha consistent8.0+cgpa,iaimtocontributetoimpactfulprojectsandinnovativesolutions. education bachelorofengineering(computerscienceandengineering) 2022-2026 visvesvarayatechnologicaluniversity,belagavi(cgpa–8.0) skills programminglanguages:java,python,sql webdevelopment:html,css,javascript courseknowledge:os,dbms,cn,oopsconcepts softskills:problemsolving,teamcollaboration,timemanagement,fastlearner basicknowledgeofsapabap(reports,datadictionary,internaltables) projects 1.careercraftai–ai-poweredcareer builtanai-drivenplatformforpersonalizedcareerguidance,offeringskill-gapanalysis,resumefeedback,and tailoredcareerpathsuggestionsusingreal-timejobmarketinsights. 2.co-pilot:co-pomappingmanagementsystem: aco-pomappingmanagementsystemisasoftwareortooldesignedtoautomateandstreamlinetheprocessofaligning courseoutcomes(cos)withprogramoutcomes(pos). 3.researchmanagementsystem—academicresearchtrackingportal builtaplatformtomanagefacultyandstudentresearchactivities,publications,andprojectdocumentation.featuresinclude publicationtracking,submissionworkflow,researcherprofiles,reportgeneration,anddocumentversioncontrol.designeda scalableuiandbackenddatabaseforreliableresearchauditing. 4.ayurtech—ayurvedicrecommendationsystem developedahealth&wellnessrecommendationsystemusingayurvedicprinciplesandsymptomanalysis.suggestsherbal remedies,diet,andlifestyleplansusingrule-basedandml-basedconditionprediction.designedanintuitiveandaccessibleuser interface. achievements  wonthebestui/uxdesigneratnationallevelhackathon2025  clearedjuspayhiringchallenge(part-ahackathon)andshortlistedfortechnicalinterviewround–2025  shortlistedandappearedforthetechnicalinterviewatbarracudanetworks,gainingvaluableindustryinterview experience.  selectedasastudentinternatairowirenetworkspvt.ltd.throughcampusrecruitment,gainingexposuretoindustry- levelprojectsandtechnologyapplications.  participatedintheisrospaceinnovationhackathon,workingonsatelliteimaging,dataanalysis,systemmodeling,and rapidsolutionprototyping. language english,hindi,kannada,urdu",1,,False,c005cc25-8759-4994-8bc6-93aeb0ce6ef0,Priya D,D:20251126011137+05'30',2026-03-29T16:29:32.233198+00:00,e9d1a6b4_afzal resume (1) (3)(1) (1).pdf,pdf,Microsoft Word - om_internship.pdf,1,,"MOHAMMADAFZALINDIKAR
ContactNumber:+917349582022
Email:afzalindikar140@gmail.com
ABOUTMYSELF
AsafinalyearComputerScienceEngineeringstudentwithastrongfoundationinprogramming,softwaredevelopment,and
problem-solving.Passionateabouttechnology,Ihaveexperienceinwebdevelopment,andcompetitiveprogramming.Witha
consistent8.0+CGPA,Iaimtocontributetoimpactfulprojectsandinnovativesolutions.
EDUCATION
BachelorofEngineering(ComputerScienceandEngineering) 2022-2026
VisvesvarayaTechnologicalUniversity,Belagavi(CGPA–8.0)
SKILLS
ProgrammingLanguages:Java,Python,SQL
WebDevelopment:HTML,CSS,JavaScript
CourseKnowledge:OS,DBMS,CN,OOPsconcepts
SoftSkills:ProblemSolving,TeamCollaboration,TimeManagement,FastLearner
BasicknowledgeofSAPABAP(reports,datadictionary,internaltables)
PROJECTS
1.CareerCraftAI–AI-poweredCareer
BuiltanAI-drivenplatformforpersonalizedcareerguidance,offeringskill-gapanalysis,resumefeedback,and
tailoredcareerpathsuggestionsusingreal-timejobmarketinsights.
2.Co-Pilot:CO-POMappingManagementSystem:
ACO-POMappingManagementSystemisasoftwareortooldesignedtoautomateandstreamlinetheprocessofaligning
CourseOutcomes(COs)withProgramOutcomes(POs).
3.ResearchManagementSystem—AcademicResearchTrackingPortal
Builtaplatformtomanagefacultyandstudentresearchactivities,publications,andprojectdocumentation.Featuresinclude
publicationtracking,submissionworkflow,researcherprofiles,reportgeneration,anddocumentversioncontrol.Designeda
scalableUIandbackenddatabaseforreliableresearchauditing.
4.AyurTech—AyurvedicRecommendationSystem
Developedahealth&wellnessrecommendationsystemusingAyurvedicprinciplesandsymptomanalysis.Suggestsherbal
remedies,diet,andlifestyleplansusingrule-basedandML-basedconditionprediction.Designedanintuitiveandaccessibleuser
interface.
ACHIEVEMENTS
 WontheBestUI/UXDesigneratNationalLevelHackathon2025
 ClearedJuspayHiringChallenge(Part-AHackathon)andshortlistedforTechnicalInterviewRound–2025
 ShortlistedandappearedfortheTechnicalInterviewatBarracudaNetworks,gainingvaluableindustryinterview
experience.
 SelectedasaStudentInternatAirowireNetworksPvt.Ltd.throughcampusrecruitment,gainingexposuretoindustry-
levelprojectsandtechnologyapplications.
 ParticipatedintheISROSpaceInnovationHackathon,workingonsatelliteimaging,dataanalysis,systemmodeling,and
rapidsolutionprototyping.
LANGUAGE
English,Hindi,Kannada,Urdu",pdf
